1,1,6:29
1,1,7:09
1,1,7:49
1,1,8:44
1,1,9:24
1,1,10:04
1,1,10:44
1,1,12:09
1,1,1:49
1,1,3:17
1,1,4:57
1,1,6:22
1,1,8:02
1,2,6:32
1,2,7:12
1,2,7:52
1,2,8:47
1,2,9:27
1,2,10:07
1,2,10:47
1,2,12:12
1,2,1:52
1,2,3:20
1,2,5:00
1,2,6:25
1,2,8:05
1,3,6:34
1,3,7:14
1,3,7:54
1,3,8:49
1,3,9:29
1,3,10:09
1,3,10:49
1,3,12:14
1,3,1:54
1,3,3:22
1,3,5:02
1,3,6:27
1,3,8:07
1,4,6:39
1,4,7:19
1,4,7:59
1,4,8:54
1,4,9:34
1,4,10:14
1,4,10:54
1,4,12:19
1,4,1:59
1,4,3:27
1,4,5:07
1,4,6:32
1,4,8:12
1,5,6:44
1,5,7:24
1,5,8:04
1,5,8:59
1,5,9:39
1,5,10:19
1,5,11:00
1,5,12:25
1,5,2:05
1,5,3:33
1,5,5:13
1,5,6:38
1,5,8:18
1,6,6:55
1,6,7:35
1,6,8:30
1,6,9:10
1,6,9:50
1,6,10:30
1,6,11:11
1,6,12:51
1,6,2:16
1,6,3:59
1,6,5:24
1,6,7:04
1,6,8:29
1,7,11:20
1,7,1:00
1,7,2:25
1,7,4:08
1,7,5:33
1,7,7:13
1,8,11:29
1,8,1:09
1,8,2:37
1,8,4:17
1,8,5:42
1,8,7:22
1,9,11:38
1,9,1:18
1,9,2:46
1,9,4:26
1,9,5:51
1,9,7:31
1,10,11:50
1,10,1:30
1,10,2:58
1,10,4:38
1,10,6:03
1,10,7:43
1,10,9:20
1,11,11:52
1,11,1:32
1,11,3:00
1,11,4:40
1,11,6:05
1,11,7:45
1,12,REQ
1,13,12:01
1,13,1:41
1,13,3:09
1,13,4:49
1,13,6:14
1,13,7:54
1,14,12:03
1,14,1:43
1,14,3:11
1,14,4:51
1,14,6:16
1,14,7:56
2,15,6:20
2,15,7:31
2,15,8:57
2,15,10:08
2,15,11:34
2,15,12:45
2,15,2:16
2,15,3:27
2,15,4:53
2,15,6:04
2,15,7:15
2,15,8:41
2,15,9:52
2,15,REQ
2,16,6:32
2,16,7:43
2,16,9:09
2,16,10:20
2,16,11:46
2,16,12:57
2,16,2:28
2,16,3:39
2,16,5:05
2,16,6:16
2,16,7:27
2,16,8:53
2,16,10:04
2,16,REQ
2,13,6:34
2,13,7:45
2,13,9:11
2,13,10:22
2,13,11:48
2,13,12:59
2,13,2:30
2,13,3:41
2,13,5:07
2,13,6:18
2,13,7:29
2,13,8:55
2,13,10:06
2,13,REQ
2,17,6:36
2,17,7:47
2,17,9:13
2,17,10:24
2,17,11:50
2,17,1:01
2,17,2:32
2,17,3:43
2,17,5:09
2,17,6:20
2,17,7:31
2,17,8:57
2,17,10:08
2,17,REQ
2,18,6:39
2,18,7:50
2,18,9:16
2,18,10:27
2,18,11:53
2,18,1:04
2,18,2:35
2,18,3:46
2,18,5:12
2,18,6:23
2,18,7:34
2,18,9:00
2,18,10:11
2,18,REQ
2,5,6:45
2,5,7:56
2,5,9:22
2,5,10:33
2,5,11:59
2,5,1:10
2,5,2:41
2,5,3:52
2,5,5:18
2,5,6:29
2,5,7:40
2,5,9:06
2,5,10:17
2,5,REQ
2,6,6:56
2,6,8:22
2,6,9:33
2,6,10:59
2,6,12:10
2,6,1:36
2,6,2:52
2,6,4:18
2,6,5:29
2,6,6:40
2,6,8:06
2,6,9:17
2,6,10:28
2,19,7:06
2,19,8:32
2,19,9:43
2,19,11:09
2,19,12:20
2,19,1:46
2,19,3:02
2,19,4:28
2,19,5:39
2,19,6:50
2,19,8:16
2,19,9:27
2,19,REQ
2,20,7:09
2,20,8:35
2,20,9:46
2,20,11:12
2,20,12:23
2,20,1:49
2,20,3:05
2,20,4:31
2,20,5:42
2,20,6:53
2,20,8:19
2,20,9:30
2,20,REQ
2,21,7:14
2,21,8:40
2,21,9:51
2,21,11:17
2,21,12:28
2,21,1:54
2,21,3:10
2,21,4:36
2,21,5:47
2,21,6:58
2,21,8:24
2,21,9:35
2,21,REQ
3,1,6:20
3,1,7:18
3,1,8:31
3,1,9:29
3,1,10:42
3,1,11:40
3,1,12:53
3,1,1:51
3,1,2:52
3,1,3:50
3,1,5:03
3,1,6:01
3,1,7:14
3,1,8:12
3,1,9:25
3,1,REQ
3,2,6:23
3,2,7:21
3,2,8:34
3,2,9:32
3,2,10:45
3,2,11:43
3,2,12:56
3,2,1:54
3,2,2:55
3,2,3:53
3,2,5:06
3,2,6:04
3,2,7:17
3,2,8:15
3,2,9:28
3,2,REQ
3,3,6:25
3,3,7:23
3,3,8:36
3,3,9:34
3,3,10:47
3,3,11:45
3,3,12:58
3,3,1:56
3,3,2:57
3,3,3:55
3,3,5:08
3,3,6:06
3,3,7:19
3,3,8:17
3,3,9:30
3,3,REQ
3,22,6:32
3,22,7:30
3,22,8:43
3,22,9:41
3,22,10:54
3,22,11:52
3,22,1:05
3,22,2:03
3,22,3:04
3,22,4:02
3,22,5:15
3,22,6:13
3,22,7:26
3,22,8:24
3,22,9:37
3,22,REQ
3,8,6:39
3,8,7:37
3,8,8:50
3,8,9:48
3,8,11:01
3,8,11:59
3,8,1:12
3,8,2:13
3,8,3:11
3,8,4:09
3,8,5:22
3,8,6:20
3,8,7:33
3,8,8:31
3,8,9:44
3,8,REQ
3,23,6:41
3,23,7:39
3,23,8:52
3,23,9:50
3,23,11:03
3,23,12:01
3,23,1:14
3,23,2:15
3,23,3:13
3,23,4:11
3,23,5:24
3,23,6:22
3,23,7:35
3,23,8:33
3,23,9:46
3,23,REQ
3,4,6:45
3,4,7:43
3,4,8:56
3,4,9:54
3,4,11:07
3,4,12:05
3,4,1:18
3,4,2:19
3,4,3:17
3,4,4:15
3,4,5:28
3,4,6:26
3,4,7:39
3,4,8:37
3,4,9:50
3,4,REQ
3,24,6:48
3,24,7:46
3,24,8:59
3,24,9:57
3,24,11:10
3,24,12:08
3,24,1:21
3,24,2:22
3,24,3:20
3,24,4:18
3,24,5:31
3,24,6:29
3,24,7:42
3,24,8:40
3,24,9:53
3,24,REQ
3,5,6:51
3,5,7:49
3,5,9:02
3,5,10:00
3,5,11:13
3,5,12:11
3,5,1:24
3,5,2:25
3,5,3:23
3,5,4:21
3,5,5:34
3,5,6:32
3,5,7:45
3,5,8:43
3,5,9:56
3,5,REQ
3,6,7:02
3,6,8:15
3,6,9:13
3,6,10:26
3,6,11:24
3,6,12:37
3,6,1:35
3,6,2:36
3,6,3:34
3,6,4:47
3,6,5:45
3,6,6:58
3,6,7:56
3,6,9:09
3,6,10:07
3,25,7:09
3,25,8:22
3,25,9:20
3,25,10:33
3,25,11:31
3,25,12:44
3,25,1:42
3,25,2:43
3,25,3:41
3,25,4:54
3,25,5:52
3,25,7:05
3,25,8:03
3,25,9:16
3,25,REQ
3,26,7:13
3,26,8:26
3,26,9:24
3,26,10:37
3,26,11:35
3,26,12:48
3,26,1:46
3,26,2:47
3,26,3:45
3,26,4:58
3,26,5:56
3,26,7:09
3,26,8:07
3,26,9:20
3,26,REQ
4,27,6:35
4,27,7:39
4,27,8:58
4,27,10:02
4,27,11:06
4,27,12:25
4,27,1:29
4,27,2:36
4,27,3:40
4,27,4:59
4,27,6:03
4,27,7:07
4,27,8:11
4,27,9:30
4,27,REQ
4,27,7:19
4,27,8:38
4,27,9:42
4,27,10:46
4,27,11:50
4,27,1:09
4,27,2:13
4,27,3:20
4,27,4:39
4,27,5:43
4,27,6:47
4,27,7:51
4,27,9:10
4,27,10:14
4,28,6:39
4,28,7:43
4,28,9:02
4,28,10:06
4,28,11:10
4,28,12:29
4,28,1:33
4,28,2:40
4,28,3:44
4,28,5:03
4,28,6:07
4,28,7:11
4,28,8:15
4,28,9:34
4,28,REQ
4,29,6:42
4,29,7:46
4,29,9:05
4,29,10:09
4,29,11:13
4,29,12:32
4,29,1:36
4,29,2:43
4,29,3:47
4,29,5:06
4,29,6:10
4,29,7:14
4,29,8:18
4,29,9:37
4,29,REQ
4,30,6:44
4,30,7:48
4,30,9:07
4,30,10:11
4,30,11:15
4,30,12:34
4,30,1:38
4,30,2:45
4,30,3:49
4,30,5:08
4,30,6:12
4,30,7:16
4,30,8:20
4,30,9:39
4,30,REQ
4,31,6:48
4,31,7:52
4,31,9:11
4,31,10:15
4,31,11:19
4,31,12:38
4,31,1:42
4,31,2:49
4,31,3:53
4,31,5:12
4,31,6:16
4,31,7:20
4,31,8:24
4,31,9:43
4,31,REQ
4,5,6:52
4,5,7:56
4,5,9:15
4,5,10:19
4,5,11:23
4,5,12:42
4,5,1:46
4,5,2:53
4,5,3:57
4,5,5:16
4,5,6:20
4,5,7:24
4,5,8:28
4,5,9:47
4,5,REQ
4,6,7:03
4,6,8:22
4,6,9:26
4,6,10:30
4,6,11:34
4,6,12:53
4,6,1:57
4,6,3:04
4,6,4:23
4,6,5:27
4,6,6:31
4,6,7:35
4,6,8:54
4,6,9:58
4,6,7:30
4,6,8:49
4,6,9:53
4,6,10:57
4,6,12:16
4,6,1:20
4,6,2:27
4,6,3:31
4,6,4:50
4,6,5:54
4,6,6:58
4,6,8:02
4,6,9:21
4,6,10:25
4,32,7:13
4,32,8:32
4,32,9:36
4,32,10:40
4,32,11:44
4,32,1:03
4,32,2:07
4,32,3:14
4,32,4:33
4,32,5:37
4,32,6:41
4,32,7:45
4,32,9:04
4,32,10:08
4,32,REQ
4,33,7:16
4,33,8:35
4,33,9:39
4,33,10:43
4,33,11:47
4,33,1:06
4,33,2:10
4,33,3:17
4,33,4:36
4,33,5:40
4,33,6:44
4,33,7:48
4,33,9:07
4,33,10:11
4,33,REQ
4,34,7:22
4,34,8:41
4,34,9:45
4,34,10:49
4,34,11:53
4,34,1:12
4,34,2:19
4,34,3:23
4,34,4:42
4,34,5:46
4,34,6:50
4,34,7:54
4,34,9:13
4,34,10:17
4,34,REQ
5,27,8:30
5,27,9:34
5,27,10:53
5,27,11:57
5,27,1:01
5,27,2:20
5,27,3:24
5,27,4:31
5,27,5:50
5,27,6:54
5,27,8:13
5,27,9:17
5,27,9:14
5,27,10:33
5,27,11:37
5,27,12:41
5,27,1:45
5,27,3:04
5,27,4:08
5,27,5:15
5,27,6:34
5,27,7:38
5,27,8:57
5,27,REQ
5,28,8:34
5,28,9:38
5,28,10:57
5,28,12:01
5,28,1:05
5,28,2:24
5,28,3:28
5,28,4:35
5,28,5:54
5,28,6:58
5,28,8:17
5,28,9:21
5,29,8:37
5,29,9:41
5,29,11:00
5,29,12:04
5,29,1:08
5,29,2:27
5,29,3:31
5,29,4:38
5,29,5:57
5,29,7:01
5,29,8:20
5,29,9:24
5,30,8:39
5,30,9:43
5,30,11:02
5,30,12:06
5,30,1:10
5,30,2:29
5,30,3:33
5,30,4:40
5,30,5:59
5,30,7:03
5,30,8:22
5,30,9:26
5,31,8:43
5,31,9:47
5,31,11:06
5,31,12:10
5,31,1:14
5,31,2:33
5,31,3:37
5,31,4:44
5,31,6:03
5,31,7:07
5,31,8:26
5,31,9:30
5,5,8:47
5,5,9:51
5,5,11:10
5,5,12:14
5,5,1:18
5,5,2:37
5,5,3:41
5,5,4:48
5,5,6:07
5,5,7:11
5,5,8:30
5,5,9:34
5,6,8:58
5,6,10:17
5,6,11:21
5,6,12:25
5,6,1:29
5,6,2:48
5,6,3:52
5,6,4:59
5,6,6:18
5,6,7:22
5,6,8:41
5,6,9:45
5,6,9:25
5,6,10:44
5,6,11:48
5,6,12:52
5,6,2:11
5,6,3:15
5,6,4:22
5,6,5:41
5,6,6:45
5,6,8:04
5,6,9:08
5,32,9:08
5,32,10:27
5,32,11:31
5,32,12:35
5,32,1:39
5,32,2:58
5,32,4:02
5,32,5:09
5,32,6:28
5,32,7:32
5,32,8:51
5,32,REQ
5,33,9:11
5,33,10:30
5,33,11:34
5,33,12:38
5,33,1:42
5,33,3:01
5,33,4:05
5,33,5:12
5,33,6:31
5,33,7:35
5,33,8:54
5,33,REQ
5,34,9:17
5,34,10:36
5,34,11:40
5,34,12:44
5,34,1:48
5,34,3:07
5,34,4:11
5,34,5:18
5,34,6:37
5,34,7:41
5,34,9:00
5,34,REQ
6,1,6:30
6,1,7:38
6,1,9:01
6,1,10:09
6,1,11:17
6,1,12:25
6,1,1:48
6,1,3:01
6,1,4:09
6,1,5:32
6,1,6:40
6,1,7:48
6,1,9:11
6,1,REQ
6,2,6:33
6,2,7:41
6,2,9:04
6,2,10:12
6,2,11:20
6,2,12:28
6,2,1:51
6,2,3:04
6,2,4:12
6,2,5:35
6,2,6:43
6,2,7:51
6,2,9:14
6,2,REQ
6,3,6:35
6,3,7:43
6,3,9:06
6,3,10:14
6,3,11:22
6,3,12:30
6,3,1:53
6,3,3:06
6,3,4:14
6,3,5:37
6,3,6:45
6,3,7:53
6,3,9:16
6,3,REQ
6,4,6:40
6,4,7:48
6,4,9:11
6,4,10:19
6,4,11:27
6,4,12:35
6,4,1:58
6,4,3:11
6,4,4:19
6,4,5:42
6,4,6:50
6,4,7:58
6,4,9:21
6,4,REQ
6,5,6:46
6,5,7:54
6,5,9:17
6,5,10:25
6,5,11:33
6,5,12:41
6,5,2:04
6,5,3:17
6,5,4:25
6,5,5:48
6,5,6:56
6,5,8:04
6,5,9:27
6,5,REQ
6,6,6:57
6,6,8:20
6,6,9:28
6,6,10:36
6,6,11:44
6,6,1:07
6,6,2:15
6,6,3:28
6,6,4:51
6,6,5:59
6,6,7:07
6,6,8:30
6,6,9:38
6,6,REQ
6,10,7:18
6,10,8:41
6,10,9:49
6,10,10:57
6,10,12:05
6,10,1:28
6,10,2:36
6,10,3:49
6,10,5:12
6,10,6:20
6,10,7:28
6,10,8:51
6,10,9:59
6,11,7:20
6,11,8:43
6,11,9:51
6,11,10:59
6,11,12:07
6,11,1:30
6,11,2:43
6,11,3:51
6,11,5:14
6,11,6:22
6,11,7:30
6,11,8:53
6,11,10:01
6,35,7:22
6,35,8:45
6,35,9:53
6,35,11:01
6,35,12:09
6,35,1:32
6,35,2:45
6,35,3:53
6,35,5:16
6,35,6:24
6,35,7:32
6,35,8:55
6,35,10:03
6,12,REQ
9,34,9:00
9,34,9:27
9,34,9:54
9,34,10:36
9,34,11:03
9,34,11:30
9,34,11:57
9,34,12:24
9,34,12:51
9,34,1:18
9,34,2:00
9,34,2:27
9,34,2:54
9,34,3:21
9,34,4:03
9,34,4:35
9,34,5:02
9,34,5:29
9,34,5:56
9,34,6:38
9,34,7:05
9,34,7:32
9,34,7:59
9,34,8:26
9,34,8:53
9,34,9:20
9,34,10:02
9,34,REQ
9,6,9:07
9,6,9:34
9,6,10:16
9,6,10:43
9,6,11:10
9,6,11:37
9,6,12:04
9,6,12:31
9,6,12:58
9,6,1:40
9,6,2:07
9,6,2:34
9,6,3:01
9,6,3:43
9,6,4:10
9,6,4:42
9,6,5:09
9,6,5:36
9,6,6:18
9,6,6:45
9,6,7:12
9,6,7:39
9,6,8:06
9,6,8:33
9,6,9:00
9,6,9:42
9,6,10:09
9,25,REQ
9,30,9:16
9,30,9:43
9,30,10:25
9,30,10:52
9,30,11:19
9,30,11:46
9,30,12:13
9,30,12:40
9,30,1:07
9,30,1:49
9,30,2:16
9,30,2:43
9,30,3:10
9,30,3:52
9,30,4:24
9,30,4:51
9,30,5:18
9,30,5:45
9,30,6:27
9,30,6:54
9,30,7:21
9,30,7:48
9,30,8:15
9,30,8:42
9,30,9:09
9,30,9:51
9,30,REQ
9,36,9:19
9,36,9:46
9,36,10:28
9,36,10:55
9,36,11:22
9,36,11:49
9,36,12:16
9,36,12:43
9,36,1:10
9,36,1:52
9,36,2:19
9,36,2:46
9,36,3:13
9,36,3:55
9,27,9:24
9,27,9:51
9,27,10:33
9,27,11:00
9,27,11:27
9,27,11:54
9,27,12:21
9,27,12:48
9,27,1:15
9,27,1:57
9,27,2:24
9,27,2:51
9,27,3:18
9,27,4:00
9,27,4:32
9,27,4:59
9,27,5:26
9,27,5:53
9,27,6:35
9,27,7:02
9,27,7:29
9,27,7:56
9,27,8:23
9,27,8:50
9,27,9:17
9,27,9:59
9,27,REQ
9,37,4:27
9,37,4:54
9,37,5:21
9,37,5:48
9,37,6:30
9,37,6:57
9,37,7:24
9,37,7:51
9,37,8:18
9,37,8:45
9,37,9:12
9,37,9:54
9,37,REQ
7,38,6:10
7,39,6:13
7,40,6:15
7,41,6:20
7,42,6:25
7,43,6:26
7,44,6:33
7,45,6:42
7,38,6:50
7,39,6:53
7,40,6:55
7,41,7:00
7,42,7:05
7,43,7:06
7,44,7:13
7,45,7:22
7,38,7:30
7,39,7:33
7,40,7:35
7,41,7:40
7,42,7:45
7,43,7:46
7,44,7:53
7,45,8:02
7,38,8:10
7,39,8:13
7,40,8:15
7,41,8:20
7,42,8:25
7,43,8:26
7,44,8:33
7,45,8:42
7,38,8:50
7,39,8:53
7,40,8:55
7,41,9:00
7,42,9:05
7,43,9:06
7,44,9:13
7,45,9:22
7,38,9:30
7,39,9:33
7,40,9:35
7,41,9:40
7,42,9:45
7,43,9:46
7,44,9:53
7,45,10:02
7,38,10:10
7,39,10:13
7,40,10:15
7,41,10:20
7,42,10:25
7,43,10:26
7,44,10:33
7,45,10:42
7,38,10:50
7,39,10:53
7,40,10:55
7,41,11:00
7,42,11:05
7,43,11:06
7,44,11:13
7,45,11:22
7,38,11:30
7,39,11:33
7,40,11:35
7,41,11:40
7,42,11:45
7,43,11:46
7,44,11:53
7,45,12:02
7,38,12:10
7,39,12:13
7,40,12:15
7,41,12:20
7,42,12:25
7,43,12:26
7,44,12:33
7,45,12:42
7,38,12:50
7,39,12:53
7,40,12:55
7,41,1:00
7,42,1:05
7,43,1:06
7,44,1:13
7,45,1:22
7,38,1:30
7,39,1:33
7,40,1:35
7,41,1:40
7,42,1:45
7,43,1:46
7,44,1:53
7,45,2:02
7,38,2:10
7,39,2:13
7,40,2:15
7,41,2:20
7,42,2:25
7,43,2:26
7,44,2:33
7,45,2:42
7,38,2:50
7,39,2:53
7,40,2:55
7,41,3:00
7,42,3:05
7,43,3:06
7,44,3:13
7,45,3:22
7,38,3:30
7,39,3:33
7,40,3:35
7,41,3:40
7,42,3:45
7,43,3:46
7,44,3:53
7,45,4:02
7,38,4:10
7,39,4:13
7,40,4:15
7,41,4:20
7,42,4:25
7,43,4:26
7,44,4:33
7,45,4:42
7,38,4:50
7,39,4:53
7,40,4:55
7,41,5:00
7,42,5:05
7,43,5:06
7,44,5:13
7,45,5:22
7,38,5:30
7,39,5:33
7,40,5:35
7,41,5:40
7,42,5:45
7,43,5:46
7,44,5:53
7,45,6:02
7,38,6:10
7,39,6:13
7,40,6:15
7,41,6:20
7,42,6:25
7,43,6:26
7,44,6:33
7,45,6:42
7,38,6:50
7,39,6:53
7,40,6:55
7,41,7:00
7,42,7:05
7,43,7:06
7,44,7:13
7,45,7:22
7,38,7:30
7,39,7:33
7,40,7:35
7,41,7:40
7,42,7:45
7,43,7:46
7,44,7:53
7,45,8:02
8,46,6:47
8,44,6:57
8,47,7:04
8,42,7:06
8,41,7:11
8,40,7:16
8,48,7:21
8,46,7:27
8,44,7:37
8,47,7:44
8,42,7:46
8,41,7:51
8,40,7:56
8,48,8:01
8,46,8:07
8,44,8:17
8,47,8:24
8,42,8:26
8,41,8:31
8,40,8:36
8,48,8:41
8,46,8:47
8,44,8:57
8,47,9:04
8,42,9:06
8,41,9:11
8,40,9:16
8,48,9:21
8,46,9:27
8,44,9:37
8,47,9:44
8,42,9:46
8,41,9:51
8,40,9:56
8,48,10:01
8,46,10:07
8,44,10:17
8,47,10:24
8,42,10:26
8,41,10:31
8,40,10:36
8,48,10:41
8,46,10:47
8,44,10:57
8,47,11:04
8,42,11:06
8,41,11:11
8,40,11:16
8,48,11:21
8,46,11:27
8,44,11:37
8,47,11:44
8,42,11:46
8,41,11:51
8,40,11:56
8,48,12:01
8,46,12:07
8,44,12:17
8,47,12:24
8,42,12:26
8,41,12:31
8,40,12:36
8,48,12:41
8,46,12:47
8,44,12:57
8,47,1:04
8,42,1:06
8,41,1:11
8,40,1:16
8,48,1:21
8,46,1:27
8,44,1:37
8,47,1:44
8,42,1:46
8,41,1:51
8,40,1:56
8,48,2:01
8,46,2:07
8,44,2:17
8,47,2:24
8,42,2:26
8,41,2:31
8,40,2:36
8,48,2:41
8,46,2:47
8,44,2:57
8,47,3:04
8,42,3:06
8,41,3:11
8,40,3:16
8,48,3:21
8,46,3:27
8,44,3:37
8,47,3:44
8,42,3:46
8,41,3:51
8,40,3:56
8,48,4:01
8,46,4:07
8,44,4:17
8,47,4:24
8,42,4:26
8,41,4:31
8,40,4:36
8,48,4:41
8,46,4:47
8,44,4:57
8,47,5:04
8,42,5:06
8,41,5:11
8,40,5:16
8,48,5:21
8,46,5:27
8,44,5:37
8,47,5:44
8,42,5:46
8,41,5:51
8,40,5:56
8,48,6:01
8,46,6:07
8,44,6:17
8,47,6:24
8,42,6:26
8,41,6:31
8,40,6:36
8,48,6:41
8,46,6:47
8,44,6:57
8,47,7:04
8,42,7:06
8,41,7:11
8,40,7:16
8,48,7:21
8,46,7:27
8,44,7:37
8,47,7:44
8,42,7:46
8,41,7:51
8,40,7:56
8,48,8:01
